{
  "groupedTestSuites": null,
  "performanceResults": [
    {
      "name": "perf.json",
      "resultsBlob": "{\n    \"metrics\": {\n        \"checks\": {\n            \"fails\": 0,\n            \"passes\": 133414,\n            \"value\": 0\n        },\n        \"data_received\": {\n            \"count\": 98593081,\n            \"rate\": 1507449.465027811\n        },\n        \"data_sent\": {\n            \"count\": 13343523,\n            \"rate\": 204017.22315520592\n        },\n        \"group_duration\": {\n            \"avg\": 22.45001455769263,\n            \"max\": 422.6365,\n            \"med\": 20.2715,\n            \"min\": 3.143,\n            \"p(90)\": 38.80446,\n            \"p(95)\": 43.129979999999996\n        },\n        \"http_req_blocked\": {\n            \"avg\": 0.0068305377955990626,\n            \"max\": 2.4478,\n            \"med\": 0.0051,\n            \"min\": 0.0018,\n            \"p(90)\": 0.007,\n            \"p(95)\": 0.0092\n        },\n        \"http_req_connecting\": {\n            \"avg\": 0.00019469100176142118,\n            \"max\": 2.3528,\n            \"med\": 0,\n            \"min\": 0,\n            \"p(90)\": 0,\n            \"p(95)\": 0\n        },\n        \"http_req_duration\": {\n            \"avg\": 11.071753897237874,\n            \"max\": 410.5302,\n            \"med\": 9.9674,\n            \"min\": 1.1539,\n            \"p(90)\": 19.506960000000003,\n            \"p(95)\": 22.29356\n        },\n        \"http_req_receiving\": {\n            \"avg\": 0.07052427837948977,\n            \"max\": 8.1629,\n            \"med\": 0.0579,\n            \"min\": 0.0188,\n            \"p(90)\": 0.1015,\n            \"p(95)\": 0.1359\n        },\n        \"http_req_sending\": {\n            \"avg\": 0.02299607615335357,\n            \"max\": 11.0948,\n            \"med\": 0.0177,\n            \"min\": 0.0062,\n            \"p(90)\": 0.0283,\n            \"p(95)\": 0.043\n        },\n        \"http_req_tls_handshaking\": {\n            \"avg\": 0,\n            \"max\": 0,\n            \"med\": 0,\n            \"min\": 0,\n            \"p(90)\": 0,\n            \"p(95)\": 0\n        },\n        \"http_req_waiting\": {\n            \"avg\": 10.978233542705063,\n            \"max\": 410.2087,\n            \"med\": 9.8765,\n            \"min\": 1.1023,\n            \"p(90)\": 19.410400000000003,\n            \"p(95)\": 22.19326\n        },\n        \"http_reqs\": {\n            \"count\": 133415,\n            \"rate\": 2039.8629228017066\n        },\n        \"iteration_duration\": {\n            \"avg\": 22.563484330215335,\n            \"max\": 5356.7318,\n            \"med\": 20.302349999999997,\n            \"min\": 3.1691,\n            \"p(90)\": 38.83916,\n            \"p(95)\": 43.178149999999995\n        },\n        \"iterations\": {\n            \"count\": 66707,\n            \"rate\": 1019.923816597335\n        },\n        \"vus\": {\n            \"max\": 49,\n            \"min\": 0,\n            \"value\": 49\n        },\n        \"vus_max\": {\n            \"max\": 50,\n            \"min\": 50,\n            \"value\": 50\n        }\n    },\n    \"root_group\": {\n        \"name\": \"\",\n        \"path\": \"\",\n        \"id\": \"d41d8cd98f00b204e9800998ecf8427e\",\n        \"groups\": {\n            \"fetch test run details\": {\n                \"name\": \"fetch test run details\",\n                \"path\": \"::fetch test run details\",\n                \"id\": \"6eb9adc5c362866bcbd4a69ad8323e6f\",\n                \"groups\": {},\n                \"checks\": {\n                    \"status is 200\": {\n                        \"name\": \"status is 200\",\n                        \"path\": \"::fetch test run details::status is 200\",\n                        \"id\": \"836d89b6e1dca4a90681c6a20805b73b\",\n                        \"passes\": 133414,\n                        \"fails\": 0\n                    }\n                }\n            },\n            \"setup\": {\n                \"name\": \"setup\",\n                \"path\": \"::setup\",\n                \"id\": \"5c0f8025f7e0b6654089e5b00e950f1a\",\n                \"groups\": {},\n                \"checks\": {}\n            }\n        },\n        \"checks\": {}\n    }\n}\n"
    }
  ],
  "metadata": null,
  "wallClockDuration": null
}