{
  "groupedTestSuites": null,
  "performanceResults": [
    {
      "name": "perf.json",
      "resultsBlob": "{\n    \"metrics\": {\n        \"checks\": {\n            \"fails\": 0,\n            \"passes\": 7675,\n            \"value\": 0\n        },\n        \"data_received\": {\n            \"count\": 6416435,\n            \"rate\": 414666.6062545619\n        },\n        \"data_sent\": {\n            \"count\": 1050716,\n            \"rate\": 67903.25747200249\n        },\n        \"http_req_blocked\": {\n            \"avg\": 0.013294749869723874,\n            \"max\": 3.263,\n            \"med\": 0.0052,\n            \"min\": 0.0023,\n            \"p(90)\": 0.0074,\n            \"p(95)\": 0.0107\n        },\n        \"http_req_connecting\": {\n            \"avg\": 0.004561138613861386,\n            \"max\": 3.1743,\n            \"med\": 0,\n            \"min\": 0,\n            \"p(90)\": 0,\n            \"p(95)\": 0\n        },\n        \"http_req_duration\": {\n            \"avg\": 32.683954585721736,\n            \"max\": 382.6701,\n            \"med\": 31.14515,\n            \"min\": 3.8885,\n            \"p(90)\": 52.001850000000005,\n            \"p(95)\": 60.027325000000005\n        },\n        \"http_req_receiving\": {\n            \"avg\": 0.23981918968212623,\n            \"max\": 27.3663,\n            \"med\": 0.154,\n            \"min\": 0.0711,\n            \"p(90)\": 0.3617,\n            \"p(95)\": 0.60565\n        },\n        \"http_req_sending\": {\n            \"avg\": 0.030941232412714993,\n            \"max\": 8.1185,\n            \"med\": 0.0198,\n            \"min\": 0.0077,\n            \"p(90)\": 0.033549999999999996,\n            \"p(95)\": 0.0534\n        },\n        \"http_req_tls_handshaking\": {\n            \"avg\": 0,\n            \"max\": 0,\n            \"med\": 0,\n            \"min\": 0,\n            \"p(90)\": 0,\n            \"p(95)\": 0\n        },\n        \"http_req_waiting\": {\n            \"avg\": 32.41319416362693,\n            \"max\": 381.0044,\n            \"med\": 30.892400000000002,\n            \"min\": 3.6542,\n            \"p(90)\": 51.78725,\n            \"p(95)\": 59.742599999999996\n        },\n        \"http_reqs\": {\n            \"count\": 7676,\n            \"rate\": 496.06687663944496\n        },\n        \"iteration_duration\": {\n            \"avg\": 33.54998582595107,\n            \"max\": 5388.1983,\n            \"med\": 31.356749999999998,\n            \"min\": 4.0413,\n            \"p(90)\": 52.20285,\n            \"p(95)\": 60.429375\n        },\n        \"iterations\": {\n            \"count\": 7675,\n            \"rate\": 496.0022509389969\n        },\n        \"vus\": {\n            \"max\": 48,\n            \"min\": 0,\n            \"value\": 48\n        },\n        \"vus_max\": {\n            \"max\": 50,\n            \"min\": 50,\n            \"value\": 50\n        }\n    },\n    \"root_group\": {\n        \"name\": \"\",\n        \"path\": \"\",\n        \"id\": \"d41d8cd98f00b204e9800998ecf8427e\",\n        \"groups\": {\n            \"setup\": {\n                \"name\": \"setup\",\n                \"path\": \"::setup\",\n                \"id\": \"5c0f8025f7e0b6654089e5b00e950f1a\",\n                \"groups\": {},\n                \"checks\": {}\n            }\n        },\n        \"checks\": {\n            \"status is 200\": {\n                \"name\": \"status is 200\",\n                \"path\": \"::status is 200\",\n                \"id\": \"6210a8cd14cd70477eba5c5e4cb3fb5f\",\n                \"passes\": 7675,\n                \"fails\": 0\n            }\n        }\n    }\n}\n"
    }
  ],
  "metadata": null,
  "wallClockDuration": null
}